[
		{"id":"1","value":"General purpose", "father":"", "level":"0"},
		{"id":"2","value":"Fish", "father":"", "level":"0"},
		{"id":"3","value":"Meat", "father":"", "level":"0"},
		{"id":"11","value":"Spices and Herbs", "father":"1", "level":"2"},
		{"id":"111","value":"Onion powder Oinon", "father":"11", "level":"3"},
		{"id":"112","value":"Onion powder toasted", "father":"11", "level":"3"},
		{"id":"113","value":"Basil", "father":"11", "level":"3"},
		{"id":"114","value":"Chives", "father":"11", "level":"3"},
		{"id":"115","value":"Cayenne pepper", "father":"11", "level":"3"},
		{"id":"116","value":"Lemon balm", "father":"11", "level":"3"},
		{"id":"117","value":"Dill", "father":"11", "level":"3"},
		{"id":"118","value":"Tarragon", "father":"11", "level":"3"},
		{"id":"119","value":"Mace", "father":"11", "level":"3"},
		{"id":"1110","value":"Ginger", "father":"11", "level":"3"},
		{"id":"1111","value":"Harissa", "father":"11", "level":"3"},
		{"id":"1112","value":"Juniper berry", "father":"11", "level":"3"},
		{"id":"1113","value":"Cinnamom", "father":"11", "level":"3"},
		{"id":"1114","value":"Caraway", "father":"11", "level":"3"},
		{"id":"1115","value":"Curry", "father":"11", "level":"3"},
		{"id":"1116","value":"Chervil", "father":"11", "level":"3"},
		{"id":"1117","value":"Cumin seed", "father":"11", "level":"3"},
		{"id":"1118","value":"Coriander", "father":"11", "level":"3"},
		{"id":"1119","value":"Clover(whole)", "father":"11", "level":"3"},
		{"id":"1120","value":"Clover (ground)", "father":"11", "level":"3"},
		{"id":"1121","value":"OCurcuma", "father":"11", "level":"3"},
		{"id":"1122","value":"Bay leaves", "father":"11", "level":"3"},
		{"id":"1123","value":"Bay leaves (ground)", "father":"11", "level":"3"},
		{"id":"1124","value":"Garlic powder", "father":"11", "level":"3"},
		{"id":"1125","value":"Marjoram leaves", "father":"11", "level":"3"},
		{"id":"1126","value":"Marjoram", "father":"11", "level":"3"},
		{"id":"1127","value":"Nutmeg(whole)", "father":"11", "level":"3"},
		{"id":"1128","value":"Nutmeg(ground)", "father":"11", "level":"3"},
		{"id":"1129","value":"Oregano", "father":"11", "level":"3"},
		{"id":"1130","value":"Parsley", "father":"11", "level":"3"},
		{"id":"1131","value":"Pili-pili", "father":"11", "level":"3"},
		{"id":"1132","value":"Rosemary", "father":"11", "level":"3"},
		{"id":"12","value":"Decoratives, additives, mixes", "father":"1", "level":"2"},
		{"id":"121","value":"Decoratives", "father":"12", "level":"3"},
		{"id":"1211","value":"Bread crumbs", "father":"121", "level":"4"},
		{"id":"12111","value":"Bread", "father":"1211", "level":"5"},
		{"id":"12112","value":"White", "father":"1211", "level":"5"},
		{"id":"12113","value":"Yellow", "father":"1211", "level":"5"},
		{"id":"12114","value":"Red", "father":"1211", "level":"5"},
		{"id":"12115","value":"Extra Red", "father":"1211", "level":"5"},
		{"id":"1212","value":"Spice bread crumbs", "father":"121","level":"4"},
		{"id":"12121","value":"Balkan", "father":"1212", "level":"5"},
		{"id":"12122","value":"Spices Prok chops", "father":"1212", "level":"5"},
		{"id":"12123","value":"Hawaii", "father":"1212", "level":"5"},
		{"id":"12124","value":"Hungarian", "father":"1212", "level":"5"},
		{"id":"12125","value":"Prager", "father":"1212", "level":"5"},
		{"id":"12126","value":"SchnitzelBurger yellow green", "father":"1212", "level":"5"},
		{"id":"12127","value":"Burger orange", "father":"1212", "level":"5"},
		{"id":"12128","value":"Sesame burger", "father":"1212", "level":"5"},
		{"id":"12129","value":"Spicy fish crumbs", "father":"1212", "level":"5"},
		{"id":"1213","value":"Toppings", "father":"121", "level":"4"},
		{"id":"1214","value":"Herb coatings", "father":"121", "level":"4"},
		{"id":"12141","value":"Bahamas","father":"1214", "level":"5"},
		{"id":"12142","value":"Bali", "father":"1214", "level":"5"},
		{"id":"12143","value":"Havana", "father":"1214", "level":"5"},
		{"id":"21","value":"Marinades", "father":"2", "level":"2"},
		{"id":"211","value":"Oil marinades", "father":"21", "level":"3"},
		{"id":"2111","value":"Saumoniere", "father":"211", "level":"4"},
		{"id":"2112","value":"Jardiniere", "father":"211", "level":"4"},
		{"id":"2113","value":"Gyros", "father":"211", "level":"4"},
		{"id":"2114","value":"Oriental", "father":"211", "level":"4"},
		{"id":"2115","value":"Provencal", "father":"211", "level":"4"},
		{"id":"2116","value":"Scampi marinade", "father":"211", "level":"4"},
		{"id":"2117","value":"Venitienne", "father":"211", "level":"4"},
		{"id":"2118","value":"Mariniere", "father":"211", "level":"4"},
		{"id":"212","value":"Dry marinades", "father":"21", "level":"3"},
		{"id":"2121","value":"Braai", "father":"212", "level":"4"},
		{"id":"2122","value":"Brisbane", "father":"212", "level":"4"},
		{"id":"2123","value":"Thai", "father":"212", "level":"4"},
		{"id":"2124","value":"Red Moon", "father":"212", "level":"4"},
		{"id":"2125","value":"Sydney", "father":"212", "level":"4"},
		{"id":"2126","value":"Tandoori", "father":"212", "level":"4"},
		{"id":"2127","value":"Tikka", "father":"212", "level":"4"},
		{"id":"22","value":"Specialities", "father":"2", "level":"2"},
		{"id":"31","value":"Meat Loafs", "father":"3", "level":"2"},
		{"id":"311","value":"Frikandon Mix", "father":"31", "level":"3"},
		{"id":"312","value":"Meat Loafs Mix", "father":"31", "level":"3"},
		{"id":"313","value":"Frikandon Special", "father":"31", "level":"3"},
		{"id":"314","value":"Meat loaf spices", "father":"31", "level":"3"},
		{"id":"32","value":"Cooked sausages", "father":"3", "level":"2"},
		{"id":"321","value":"Seasonings", "father":"32", "level":"3"},
		{"id":"3211","value":"Champignon sausages spices", "father":"321", "level":"4"},
		{"id":"3212","value":"Frankfurter spices", "father":"321", "level":"4"},
		{"id":"3213","value":"Ham sausages spices", "father":"321", "level":"4"},
		{"id":"3214","value":"White pudding spices", "father":"321", "level":"4"},
		{"id":"322","value":"Mixes", "father":"32", "level":"3"},
		{"id":"3221","value":"Ham sausage mix", "father":"322", "level":"4"},
		{"id":"3222","value":"Veal sausage mix", "father":"322", "level":"4"},
		{"id":"3223","value":"Horse meat mix", "father":"322", "level":"4"},
		{"id":"3224","value":"White pudding mix", "father":"322", "level":"4"}
]